factor;pearson;pearson_p;spearman;spearman_p;slope;intercept;slope_p;rvalue
note_bert_fertilité du language;0.6509545587816211;6.848425378135898e-277;0.6505714868672678;1.8477625510745064e-276;0.5818389318757577;0.8982011374437366;6.848425378133562e-277;0.6509545587816211
note_bert_fluidité;0.6864143602652915;1.07983e-319;0.7113347574815277;0.0;0.5539242142509202;0.6706850196275036;1.07983e-319;0.6864143602652911
note_bert_émotions;0.6558568104136397;1.834436784069184e-282;0.6461859980079873;1.4362181937174435e-271;0.5049441321954821;0.7813911191560652;1.8344367840682643e-282;0.6558568104136399
note_bert_imaginaire;0.48459652163367045;1.597664884606458e-135;0.5401682744604466;4.268529336597561e-174;0.30450141910340517;1.0010224001813464;1.5976648846064385e-135;0.4845965216336705
note_bert_ expert;0.5154652482017552;4.6005783168313e-156;0.5234417837176772;1.005774276353083e-161;0.5873259081817576;2.8881988257089075;4.600578316832237e-156;0.5154652482017551
note_bert_Vulnerable;0.4521041460053316;4.6098144023016864e-116;0.4646202073871877;2.604348217944201e-123;0.298398404388096;1.13113889276566;4.6098144023022324e-116;0.4521041460053315
